{"cameraMode":{"drawMode":0,"name":"Shaded","section":"Shading Mode"},"sceneLighting":false,"audioPlay":false,"sceneViewState":{"m_AlwaysRefresh":false,"showFog":true,"showSkybox":false,"showFlares":true,"showImageEffects":true,"showParticleSystems":true,"showVisualEffectGraphs":true,"m_FxEnabled":true},"in2DMode":false,"pivot":{"x":0.44312915205955508,"y":1.8569583892822266,"z":13.114959716796875},"rotation":{"x":0.053938839584589007,"y":0.25444722175598147,"z":-0.014219146221876145,"w":0.9654955267906189},"size":2.117314338684082,"orthographic":false}